,0,1
0, Restaurants,33024
1, Shopping,19337
2, Food,17582
3,Restaurants,14482
4, Home Services,11677
5, Beauty & Spas,10936
6, Health & Medical,10210
7, Local Services,8449
8, Nightlife,8242
9, Bars,7334
10, Automotive,7296
11, Event Planning & Services,6494
12,Food,6433
13,Shopping,6212
14, Active Life,5757
15, Fashion,4933
16,Beauty & Spas,4721
17, American (Traditional),4456
18, Sandwiches,4412
19, Coffee & Tea,4272
20, Fast Food,4249
21,Home Services,4201
22, Home & Garden,4189
23, Professional Services,3950
24, Hair Salons,3895
25, Arts & Entertainment,3829
26, Pizza,3761
27,Health & Medical,3660
28, Doctors,3594
29, Auto Repair,3555
30, Hotels & Travel,3475
31, Breakfast & Brunch,3399
32,Automotive,3358
33, Burgers,3343
34, Real Estate,3321
35, Specialty Food,3140
36, American (New),3016
37, Fitness & Instruction,2920
38,Local Services,2726
39, Nail Salons,2700
40, Italian,2691
41, Hair Removal,2647
42, Mexican,2426
43, Chinese,2303
44, Pets,2262
45, Skin Care,2234
46, Bakeries,2211
47,Nightlife,2201
48, Grocery,2106
49, Dentists,2095
50, Desserts,2074
51, Cafes,2068
52, Education,2066
53, Contractors,1965
54, Women's Clothing,1912
55, General Dentistry,1858
56,Active Life,1828
57, Wine & Spirits,1795
58, Massage,1780
59,Event Planning & Services,1771
60, Day Spas,1745
61, Pet Services,1721
62,Pizza,1717
63,Hair Salons,1685
64,Bars,1684
65, Chicken Wings,1672
66, Financial Services,1662
67, Caterers,1625
68, Salad,1624
69, Waxing,1598
70,Coffee & Tea,1595
71, Seafood,1550
72, Japanese,1543
73, Ice Cream & Frozen Yogurt,1542
74, Hotels,1532
75,Fast Food,1526
76, Apartments,1446
77, Tires,1442
78,Sandwiches,1440
79, Gyms,1439
80, Accessories,1420
81, Sports Bars,1414
82, Home Decor,1413
83, Beer,1411
84, Venues & Event Spaces,1402
85, Sporting Goods,1402
86, Cosmetics & Beauty Supply,1401
87,Auto Repair,1392
88,Nail Salons,1378
89, Flowers & Gifts,1376
90,Hotels & Travel,1358
91, Pubs,1343
92, Cosmetic Dentists,1338
93, Oil Change Stations,1326
94,Fashion,1303
95, Sushi Bars,1294
96,Real Estate,1285
97,Chinese,1254
98, Trainers,1251
99, Furniture Stores,1251
100,Mexican,1240
101, Hair Stylists,1240
102,Arts & Entertainment,1238
103,American (Traditional),1237
104, Canadian (New),1223
105, Asian Fusion,1212
106, Auto Parts & Supplies,1198
107, Delis,1189
108, Convenience Stores,1175
109, Men's Clothing,1172
110, Eyelash Service,1170
111,Doctors,1165
112, Massage Therapy,1139
113, Arts & Crafts,1121
114, Mediterranean,1118
115, Car Dealers,1110
116, Lounges,1104
117, Medical Centers,1091
118, Music & Video,1088
119, Mags,1088
120, Barbers,1085
121,Professional Services,1082
122, Specialty Schools,1058
123, Department Stores,1057
124,Italian,1052
125, Juice Bars & Smoothies,1052
126, Electronics,1045
127, Drugstores,1039
128, IT Services & Computer Repair,1033
129, Jewelry,1020
130, Barbeque,1017
131,Pets,1010
132,Burgers,1001
133,Home & Garden,1001
134, Steakhouses,988
135, Real Estate Services,984
136, Pet Groomers,944
137, Gas Stations,925
138,Breakfast & Brunch,923
139, Shoe Stores,906
140, Party & Event Planning,904
141, Diners,884
142, Local Flavor,876
143, Medical Spas,864
144, Laundry Services,859
145,American (New),858
146, Cocktail Bars,853
147, Books,832
148,Financial Services,806
149, Makeup Artists,800
150, Heating & Air Conditioning/HVAC,798
151, Thai,798
152, Dry Cleaning & Laundry,794
153, Wine Bars,793
154, Indian,792
155, Pet Sitting,792
156,Grocery,787
157, Home Cleaning,783
158, Body Shops,781
159, Middle Eastern,777
160,Fitness & Instruction,775
161, Plumbing,771
162, Ethnic Food,755
163,Bakeries,752
164, Printing Services,752
165, Mobile Phones,749
166, Real Estate Agents,747
167, Optometrists,746
168, Chiropractors,744
169,Dentists,737
170,Specialty Food,727
171, Yoga,726
172, Landscaping,716
173, Vegetarian,716
174, Lawyers,688
175, Music Venues,688
176,Ice Cream & Frozen Yogurt,684
177, Florists,681
178, Hair Extensions,681
179, Eyewear & Opticians,681
180, Veterinarians,669
181, Vietnamese,665
182,Apartments,665
183, Public Services & Government,663
184, Banks & Credit Unions,658
185,Japanese,652
186, Orthodontists,642
187, Physical Therapy,640
188, Transportation,638
189, Performing Arts,636
190, Car Wash,633
191, Pet Stores,631
192, Property Management,629
193, Auto Detailing,625
194, Kitchen & Bath,613
195, Vintage & Consignment,610
196, Movers,608
197, Food Delivery Services,607
198, Carpet Cleaning,606
199, Photographers,606
200, French,605
201, Greek,598
202, Sewing & Alterations,595
203, Appliances,581
204,Desserts,580
205, Self Storage,578
206,Education,576
207, Building Supplies,575
208, Comfort Food,572
209,Car Dealers,568
210, Flooring,562
211,Hair Removal,559
212, Tanning,559
213, Oral Surgeons,559
214,Contractors,558
215, Hardware Stores,556
216, Auto Glass Services,556
217, Gluten-Free,552
218, Soup,551
219, Buffets,546
220, Food Trucks,546
221,Hotels,546
222, Insurance,543
223,Pet Services,541
224, Sports Wear,537
225,Barbers,536
226,Cafes,532
227, Appliances & Repair,531
228, Vegan,530
229, Discount Store,528
230, Health Markets,524
231, Weight Loss Centers,524
232, Wedding Planning,522
233, Korean,521
234, Men's Hair Salons,520
235,Skin Care,518
236, Gift Shops,515
237,Sushi Bars,514
238, Art Galleries,511
239, Shipping Centers,510
240, Dance Clubs,505
241, Parks,500
242, Family Practice,498
243, Interior Design,496
244, Used,495
245,Day Spas,488
246, Tobacco Shops,484
247, Car Rental,483
248,Seafood,482
249, Hobby Shops,477
250,Massage,469
251, Child Care & Day Care,466
252, Tattoo,465
253, Acupuncture,465
254,Women's Clothing,464
255, Mattresses,462
256,Chicken Wings,461
257, Laser Hair Removal,459
258, Hot Dogs,456
259, Mobile Phone Repair,454
260, Nurseries & Gardening,454
261,Oil Change Stations,453
262, Tex-Mex,451
263, Tours,450
264, Donuts,450
265,Tires,447
266, Blow Dry/Out Services,443
267,Banks & Credit Unions,442
268, Preschools,436
269,Heating & Air Conditioning/HVAC,430
270,Auto Parts & Supplies,423
271, Pediatric Dentists,422
272, Electronics Repair,421
273, Thrift Stores,420
274, Nutritionists,417
275,Barbeque,417
276, Mortgage Brokers,415
277, Pool & Hot Tub Service,406
278,Public Services & Government,403
279, Pet Training,400
280, Towing,397
281, Halal,394
282, Dive Bars,394
283,Gyms,390
284, Endodontists,390
285, Bridal,389
286,Indian,384
287,Beer,384
288, Graphic Design,384
289,Salad,382
290,Venues & Event Spaces,381
291,Delis,380
292,Thai,380
293,Caterers,378
294, Bagels,378
295, Bikes,375
296, Computers,374
297, Gastropubs,371
298, Photography Stores & Services,369
299,Jewelry,369
300, Vape Shops,369
301,Vietnamese,368
302,Gas Stations,367
303, Toy Stores,365
304, Handyman,365
305, Chicken Shop,365
306, Transmission Repair,365
307,Asian Fusion,365
308, Children's Clothing,364
309, Pool Cleaners,364
310, Antiques,359
311,General Dentistry,359
312,Medical Centers,358
313, Notaries,355
314,Sporting Goods,355
315,Veterinarians,354
316, Community Service/Non-Profit,354
317,Flowers & Gifts,352
318, Latin American,351
319, Painters,347
320, Breweries,345
321,Cosmetics & Beauty Supply,342
322, Office Cleaning,341
323, Event Photography,340
324, Bookstores,340
325, Martial Arts,339
326,Mediterranean,338
327, Session Photography,337
328, Southern,336
329, Meat Shops,336
330, Reflexology,336
331,Juice Bars & Smoothies,334
332,Eyelash Service,333
333,Drugstores,332
334, Caribbean,331
335, Permanent Makeup,330
336, Elementary Schools,329
337, Shopping Centers,326
338, Sports Clubs,324
339,Accessories,323
340,Chiropractors,322
341,Cosmetic Dentists,322
342,Waxing,322
343,Sports Bars,322
344, Eyebrow Services,319
345, Golf,319
346, Periodontists,319
347, Naturopathic/Holistic,319
348,Convenience Stores,318
349,Dry Cleaning & Laundry,316
350, Beer Bar,315
351, Auto Customization,315
352, Tapas/Small Plates,314
353, Swimming Pools,313
354, Noodles,311
355,Steakhouses,311
356,Hair Stylists,309
357, Internet Service Providers,307
358,Car Wash,307
359, Hot Tub & Pool,305
360,Furniture Stores,304
361,Pubs,304
362,Canadian (New),302
363, Electricians,302
364, Damage Restoration,301
365,Pet Stores,300
366, Carpeting,299
367, Casinos,298
368,Pet Groomers,296
369,Car Rental,293
370, Diagnostic Services,293
371,Local Flavor,292
372,Trainers,292
373, Security Systems,291
374, Tree Services,289
375,Plumbing,289
376, Water Heater Installation/Repair,288
377, Sports Medicine,288
378, Bubble Tea,287
379, Chocolatiers & Shops,287
380,Movers,286
381, Pest Control,283
382, Pakistani,283
383,Massage Therapy,282
384,Middle Eastern,281
385, Tea Rooms,281
386,Arts & Crafts,280
387, Auto Insurance,277
388, Tapas Bars,274
389, Personal Injury Law,273
390, Imported Food,272
391, Mobile Phone Accessories,272
392, Windshield Installation & Repair,272
393, Fruits & Veggies,271
394, Marketing,271
395,Parks,271
396, Cosmetic Surgeons,271
397,Real Estate Services,270
398, Home & Rental Insurance,269
399,Home Decor,268
400, Dry Cleaning,268
401, Outdoor Gear,267
402, Windows Installation,267
403, Limos,266
404,Body Shops,266
405, Obstetricians & Gynecologists,266
406, Party Supplies,265
407,Optometrists,264
408, Pharmacy,263
409, Farmers Market,263
410,Auto Detailing,263
411,Greek,261
412, Counseling & Mental Health,259
413, Hospitals,258
414,Shoe Stores,258
415,Diners,258
416,Men's Clothing,257
417,Books,256
418, Watches,256
419,Electronics,256
420, Festivals,256
421, Travel Services,255
422, Urgent Care,255
423, Religious Organizations,254
424, Arcades,254
425, Boot Camps,254
426, Ophthalmologists,254
427, Spray Tanning,253
428, Internal Medicine,252
429, Lighting Fixtures & Equipment,252
430,Department Stores,251
431,Landscaping,250
432, Cards & Stationery,249
433, Piercing,249
434,Self Storage,248
435, Cinema,248
436,Home Cleaning,247
437, Amusement Parks,247
438, Masonry/Concrete,246
439,Laundry Services,244
440, Web Design,243
441,Mobile Phones,242
442, Pilates,241
443,Performing Arts,237
444, Street Vendors,237
445, Shades & Blinds,237
446, Couriers & Delivery Services,236
447,Sewing & Alterations,236
448, Roofing,234
449, Dance Studios,233
450, Art Supplies,233
451,Eyewear & Opticians,232
452,Pet Sitting,231
453,French,231
454,Korean,231
455, Tax Services,229
456, Adult Entertainment,226
457, Divorce & Family Law,226
458, Karaoke,226
459, Baby Gear & Furniture,226
460, Recreation Centers,226
461,Tobacco Shops,225
462, Musical Instruments & Teachers,225
463, Office Equipment,224
464,Real Estate Agents,224
465, Kids Activities,222
466, Airport Shuttles,222
467, Telecommunications,221
468, Pediatricians,220
469,Lounges,220
470, Jewelry Repair,219
471, Landscape Architects,218
472, Candy Stores,218
473, Hawaiian,216
474, Used Car Dealers,214
475, Videos & Video Game Rental,214
476, Outlet Stores,214
477, Food Stands,214
478, Tiling,214
479,Tattoo,213
480,Specialty Schools,213
481, Summer Camps,212
482,Transportation,211
483, Irrigation,208
484,IT Services & Computer Repair,208
485, Wholesale Stores,207
486, Financial Advising,205
487, Wheel & Rim Repair,205
488, Window Washing,205
489, Reiki,205
490,Florists,204
491,Property Management,203
492, Smog Check Stations,202
493, Criminal Defense Law,201
494, Gardeners,199
495, Dog Walkers,199
496, Hookah Bars,198
497, Signmaking,198
498, Cabinetry,198
499,Religious Organizations,197
500, Keys & Locksmiths,196
501,Discount Store,196
502,Pest Control,196
503, Museums,195
504, Cupcakes,195
505, Vitamins & Supplements,194
506, Orthopedists,194
507, Motorcycle Dealers,192
508,Makeup Artists,192
509,Lawyers,191
510, Churches,191
511,Appliances & Repair,190
512, Threading Services,190
513, Rehabilitation Center,190
514,Tanning,189
515, Bike Repair/Maintenance,188
516, Door Sales/Installation,188
517, Dermatologists,188
518, Formal Wear,186
519, Accountants,185
520,Insurance,184
521,Physical Therapy,184
522, Home Inspectors,183
523, Pet Boarding,183
524, Bike Rentals,183
525,Medical Spas,183
526, Mailbox Centers,181
527, Fish & Chips,181
528, Nail Technicians,181
529, Cajun/Creole,180
530, Life Coach,180
531,Buffets,179
532,Yoga,179
533, Truck Rental,179
534,Party & Event Planning,179
535, Playgrounds,179
536, Dim Sum,178
537, Junk Removal & Hauling,177
538, Garage Door Services,176
539, Motorcycle Repair,175
540, Music & DVDs,175
541,Donuts,174
542, Mass Media,174
543, Life Insurance,174
544, Pressure Washers,173
545, Lingerie,172
546,Dance Clubs,172
547,Auto Glass Services,171
548, Shoe Repair,171
549, Educational Services,170
550, Guns & Ammo,170
551, Soul Food,170
552, Party Equipment Rentals,170
553, Creperies,167
554, Home Health Care,167
555,Flooring,166
556,Photographers,166
557,Caribbean,166
558,Cinema,165
559, Commercial Real Estate,164
560,Oral Surgeons,163
561, Taxis,163
562,Food Delivery Services,162
563, Leather Goods,162
564, Watch Repair,161
565,Vape Shops,161
566,Food Trucks,161
567, Colleges & Universities,161
568, Tacos,160
569, Middle Schools & High Schools,159
570, Furniture Reupholstery,158
571,Printing Services,158
572, Custom Cakes,156
573, Lebanese,155
574, Drywall Installation & Repair,155
575,Carpet Cleaning,155
576,Family Practice,153
577, Car Stereo Installation,153
578, Interval Training Gyms,153
579, Pain Management,152
580,Thrift Stores,152
581, Advertising,152
582, Shaved Ice,152
583,Vegetarian,152
584, Home Window Tinting,151
585, Pool Halls,151
586, Bowling,150
587, Air Duct Cleaning,150
588, Do-It-Yourself Food,150
589, Ramen,150
590,Orthodontists,150
591,Churches,150
592, Laser Eye Surgery/Lasik,149
593, Traditional Chinese Medicine,148
594, Art Classes,147
595,Hair Extensions,147
596, Amateur Sports Teams,147
597, Dance Schools,146
598,Acupuncture,146
599, Pawn Shops,146
600,Golf,145
601, Car Window Tinting,145
602, Boxing,144
603,Mattresses,144
604,Towing,144
605,Hot Dogs,143
606, Glass & Mirrors,143
607,Hobby Shops,143
608, Legal Services,141
609, Taiwanese,141
610, Video/Film Production,141
611,Building Supplies,141
612, Post Offices,140
613, Portuguese,140
614, Social Clubs,140
615, Auto Loan Providers,139
616,Music Venues,139
617,Soup,138
618,Shopping Centers,138
619, Diagnostic Imaging,138
620,Cocktail Bars,136
621, Fabric Stores,135
622,Tex-Mex,135
623, Organic Stores,135
624,Electricians,134
625, Butcher,133
626,Painters,133
627, Modern European,133
628,Kitchen & Bath,132
629, Public Transportation,132
630, Patisserie/Cake Shop,132
631, DUI Law,132
632, Filipino,132
633, Home Organization,131
634, Comic Books,131
635, Data Recovery,131
636, Airports,131
637, Personal Shopping,131
638, Cheese Shops,130
639, Libraries,130
640, Internet Cafes,130
641, Floral Designers,130
642,Comfort Food,130
643, Musical Instrument Services,130
644,Vegan,129
645, Cheesesteaks,129
646, General Litigation,128
647, Television Service Providers,128
648,Mortgage Brokers,128
649, Home Theatre Installation,128
650, Fences & Gates,127
651, Irish,127
652, Check Cashing/Pay-day Loans,127
653,Ethnic Food,127
654, Bankruptcy Law,127
655,Transmission Repair,126
656, Spanish,126
657, Estate Planning Law,126
658, Investing,126
659, Bed & Breakfast,125
660, Seafood Markets,125
661,Child Care & Day Care,125
662,Pool Cleaners,124
663, Water Purification Services,124
664, Adult Education,122
665, DJs,122
666,Latin American,122
667, Screen Printing/T-Shirt Printing,122
668,Preschools,121
669,Men's Hair Salons,121
670, Carpet Installation,121
671, Laboratory Testing,121
672, Refinishing Services,121
673, Landmarks & Historical Buildings,121
674,Community Service/Non-Profit,121
675, Medical Supplies,121
676, Food Court,120
677,Wedding Planning,120
678,Weight Loss Centers,120
679, Resorts,119
680, Plus Size Fashion,119
681,Gluten-Free,119
682, Barre Classes,117
683, Head Shops,116
684, Packing Services,116
685,Pediatric Dentists,115
686,Used,115
687, Employment Agencies,115
688,Travel Services,115
689, Poutineries,114
690, Gold Buyers,114
691, Tutoring Centers,114
692,Art Galleries,114
693,Antiques,113
694,Bagels,112
695, Wraps,112
696,Shipping Centers,112
697,Festivals,112
698, Persian/Iranian,111
699, Boating,111
700,Wine Bars,111
701,Health Markets,110
702, Real Estate Law,110
703, Packing Supplies,110
704, Wineries,110
705,Urgent Care,110
706, Stadiums & Arenas,109
707,Bubble Tea,109
708,Appliances,109
709, Supernatural Readings,109
710,Bookstores,109
711, Hiking,109
712, Gay Bars,108
713,Obstetricians & Gynecologists,108
714,Notaries,107
715, British,107
716,Chicken Shop,107
717, Costumes,107
718,Halal,107
719,Toy Stores,107
720, Comedy Clubs,106
721,Bridal,106
722, Videographers,106
723, Rugs,106
724,Hardware Stores,106
725,Hospitals,105
726,Computers,105
727, Coffee Roasteries,105
728, Cosmetology Schools,105
729,Session Photography,105
730, Poke,104
731, Tattoo Removal,104
732, Jazz & Blues,104
733,Breweries,104
734, Retirement Homes,104
735, Customized Merchandise,103
736, Adult,103
737, Art Schools,103
738, Gutter Services,102
739, Escape Games,102
740,Interior Design,101
741,Tree Services,101
742, Surgeons,101
743, Home Automation,101
744, Roadside Assistance,100
745, Print Media,100
746,Elementary Schools,100
747, Walk-in Clinics,100
748,Roofing,100
749,Keys & Locksmiths,99
750, Podiatrists,99
751, Cannabis Clinics,99
752,Endodontists,99
753,Diagnostic Services,99
754,Imported Food,99
755,Libraries,98
756, Photo Booth Rentals,98
757,Sports Wear,98
758, Funeral Services & Cemeteries,98
759,Tours,98
760,Handyman,97
761, Business Law,97
762, RV Repair,97
763, Mortgage Lenders,96
764, African,96
765,Electronics Repair,96
766,Southern,96
767, International Grocery,95
768, Solar Installation,95
769, Vehicle Wraps,95
770, Laundromat,94
771, Wigs,94
772,Piercing,94
773, Parking,94
774,Windshield Installation & Repair,93
775, Driving Schools,93
776,Event Photography,93
777, Countertop Installation,93
778,Damage Restoration,93
779, Bespoke Clothing,92
780,Auto Insurance,92
781, Dog Parks,92
782,Martial Arts,92
783,Garage Door Services,91
784,Post Offices,91
785, Gelato,90
786, Gun/Rifle Ranges,90
787,Tea Rooms,90
788,Office Equipment,90
789,Dive Bars,90
790, Party Bus Rentals,89
791,Pakistani,89
792, Screen Printing,89
793, Framing,89
794,Adult Entertainment,89
795, Knitting Supplies,88
796, Tanning Beds,88
797, Business Consulting,88
798,Water Heater Installation/Repair,88
799, Cardio Classes,87
800,Mobile Phone Repair,87
801, Shutters,87
802, Delicatessen,87
803, Falafel,86
804,Blow Dry/Out Services,86
805,Windows Installation,86
806,Photography Stores & Services,86
807,Pool & Hot Tub Service,86
808,Farmers Market,85
809, Pet Adoption,85
810,Casinos,85
811, Vinyl Records,85
812, Grout Services,85
813,Security Systems,84
814,Mass Media,84
815,Pediatricians,83
816, Departments of Motor Vehicles,83
817,Noodles,83
818, Animal Shelters,82
819, RV Dealers,82
820,Home Inspectors,82
821, Vocational & Technical School,81
822,Nurseries & Gardening,81
823,Marketing,81
824, Brasseries,81
825,Bikes,81
826,Pharmacy,80
827,Soul Food,80
828, Recycling Center,80
829,Party Supplies,80
830,Nutritionists,80
831,Gift Shops,80
832,Children's Clothing,80
833, Teeth Whitening,80
834,Laser Hair Removal,80
835,Chocolatiers & Shops,80
836,Carpeting,79
837,Pet Training,79
838,Shades & Blinds,79
839, Private Tutors,78
840,Mailbox Centers,78
841,Naturopathic/Holistic,78
842, Gymnastics,78
843,Museums,77
844,Smog Check Stations,77
845,Gastropubs,77
846, Bistros,77
847, Kosher,76
848, Cardiologists,76
849,Graphic Design,76
850,Eyebrow Services,76
851,Permanent Makeup,75
852,Shoe Repair,75
853,Cupcakes,75
854,Tapas/Small Plates,75
855,Motorcycle Repair,75
856, Turkish,75
857, Radiologists,75
858, Swimwear,75
859, Video Game Stores,75
860,Web Design,74
861,Dry Cleaning,74
862,Colleges & Universities,74
863, Metal Fabricators,74
864, Cooking Schools,74
865, Neurologist,74
866,Musical Instruments & Teachers,74
867,Counseling & Mental Health,73
868, Personal Chefs,73
869, Allergists,73
870, Airlines,73
871, Cantonese,72
872,Fish & Chips,72
873,Home & Rental Insurance,72
874,Personal Injury Law,72
875,Couriers & Delivery Services,72
876, Irish Pub,72
877, Patio Coverings,72
878,Reflexology,72
879, University Housing,72
880,Used Car Dealers,71
881,Mobile Phone Accessories,70
882,Internal Medicine,70
883, Herbs & Spices,70
884,Office Cleaning,70
885, Acai Bowls,70
886, Fireplace Services,70
887, & Probates,70
888, Paint Stores,70
889, Trusts,70
890, Hot Pot,70
891, Ear Nose & Throat,70
892,Amusement Parks,70
893, Waffles,70
894,Cajun/Creole,69
895,Swimming Pools,69
896, Wholesalers,69
897,Sports Clubs,69
898, Embroidery & Crochet,69
899, Team Building Activities,68
900,Tapas Bars,68
901,Music & DVDs,67
902,Outlet Stores,67
903, Psychiatrists,67
904,Tax Services,66
905,Karaoke,66
906,Employment Agencies,66
907, Afghan,66
908,Playgrounds,66
909, Occupational Therapy,66
910, Paint & Sip,66
911, Meditation Centers,66
912, Szechuan,66
913,Auto Customization,65
914, Security Services,65
915, Outdoor Furniture Stores,65
916, Tennis,65
917, Septic Services,65
918, Battery Stores,64
919,Wholesale Stores,64
920, Carpenters,64
921, German,64
922,Meat Shops,64
923,Window Washing,64
924,Periodontists,64
925,Accountants,64
926,Dim Sum,64
927, Shared Office Spaces,64
928,Motorcycle Dealers,64
929,Masonry/Concrete,64
930, Special Education,63
931, Payroll Services,63
932,Sports Medicine,63
933, Cannabis Dispensaries,63
934, Career Counseling,62
935, Title Loans,62
936, Mini Golf,62
937,Cosmetic Surgeons,61
938,Portuguese,61
939,Spray Tanning,61
940,Ophthalmologists,61
941, Swimming Lessons/Schools,61
942, Fitness/Exercise Equipment,61
943,Funeral Services & Cemeteries,60
944, Wills,60
945, TV Mounting,60
946,Middle Schools & High Schools,60
947,Dance Studios,59
948, Uniforms,59
949, Golf Equipment,58
950, Decks & Railing,58
951, Audiologist,58
952, Vacation Rentals,58
953, Plastic Surgeons,58
954,Street Vendors,57
955,Guns & Ammo,57
956, Midwives,57
957,Baby Gear & Furniture,57
958,Filipino,57
959,Gardeners,57
960, Utilities,57
961,Pilates,57
962, Pan Asian,57
963, Peruvian,57
964, Home Staging,57
965,Candy Stores,56
966,Fruits & Veggies,56
967, Propane,56
968,Formal Wear,56
969,Boot Camps,56
970, Cycling Classes,56
971,Wheel & Rim Repair,56
972,Arcades,56
973, Country Clubs,56
974, Commercial Truck Repair,56
975,Home Health Care,55
976,Hiking,55
977,Limos,55
978, Brazilian,55
979,Custom Cakes,54
980,Junk Removal & Hauling,54
981,Door Sales/Installation,54
982, Boat Repair,54
983, Motorcycle Gear,54
984, Snow Removal,54
985, RV Rental,53
986, Test Preparation,53
987,Internet Service Providers,53
988, Artificial Turf,53
989, Radio Stations,53
990,Divorce & Family Law,53
991, Service Stations,53
992,Hawaiian,53
993, Kickboxing,53
994, Furniture Repair,53
995,Watches,53
996, Assisted Living Facilities,53
997, Malaysian,52
998,Art Supplies,52
999,Landmarks & Historical Buildings,52
1000,Hot Tub & Pool,52
1001,Videos & Video Game Rental,52
1002, Live/Raw Food,52
1003, Hospice,51
1004,Dog Walkers,51
1005, Beaches,51
1006,Taxis,51
1007,Rehabilitation Center,51
1008,Orthopedists,50
1009, Auto Upholstery,50
1010,Food Stands,50
1011,Vitamins & Supplements,50
1012, Registration Services,50
1013, Emergency Pet Hospital,50
1014, Immigration Law,50
1015,Stadiums & Arenas,49
1016,Podiatrists,49
1017,Cabinetry,49
1018, Guitar Stores,49
1019, Tabletop Games,49
1020, Mountain Biking,49
1021, Hypnosis/Hypnotherapy,49
1022,Financial Advising,48
1023, Pretzels,48
1024, Auction Houses,48
1025, Henna Artists,48
1026, Sleep Specialists,48
1027, Kebab,48
1028, Ticket Sales,48
1029,Outdoor Gear,48
1030,Organic Stores,47
1031,Lingerie,47
1032,Beer Bar,47
1033,Airport Shuttles,47
1034, Candle Stores,47
1035, Siding,47
1036, Macarons,47
1037,Landscape Architects,47
1038, Body Contouring,47
1039, Appraisal Services,47
1040,Bed & Breakfast,47
1041, Trampoline Parks,47
1042,Recreation Centers,47
1043, Cuban,46
1044,Irrigation,46
1045, Orthotics,46
1046,Truck Rental,46
1047, Pasta Shops,46
1048,Tacos,46
1049, Rafting/Kayaking,46
1050, Beer Gardens,46
1051,Cannabis Clinics,46
1052, Hair Loss Centers,46
1053, Horseback Riding,45
1054, Yelp Events,45
1055,Signmaking,45
1056,Life Coach,45
1057, Brewpubs,44
1058, Cooking Classes,44
1059, Professional Sports Teams,44
1060,Lighting Fixtures & Equipment,44
1061, Ethiopian,44
1062, Waterproofing,44
1063,Poutineries,44
1064, Fertility,43
1065,Nail Technicians,43
1066, Skating Rinks,43
1067, Gastroenterologist,43
1068,Car Stereo Installation,43
1069,Criminal Defense Law,43
1070, Furniture Assembly,43
1071, Psychics,43
1072,Legal Services,43
1073,Educational Services,43
1074,Creperies,43
1075, Moroccan,42
1076, Polish,42
1077,DUI Law,42
1078,Glass & Mirrors,42
1079,Party Equipment Rentals,42
1080,Furniture Reupholstery,42
1081,Lebanese,42
1082, Wedding Chapels,42
1083, Arabian,42
1084, Car Buyers,42
1085,Solar Installation,42
1086, Train Stations,42
1087, Souvenir Shops,42
1088,Taiwanese,42
1089,Coffee Roasteries,42
1090, Salvadoran,42
1091, Skilled Nursing,42
1092, Dental Hygienists,41
1093,Food Court,41
1094, Buses,41
1095, Laser Tag,41
1096, Golf Lessons,41
1097,Air Duct Cleaning,41
1098, Stucco Services,41
1099,Hookah Bars,41
1100,Kids Activities,41
1101, Luggage,41
1102, Employment Law,41
1103,Pawn Shops,40
1104, Travel Agents,40
1105,Dermatologists,40
1106, Speech Therapists,40
1107, Hearing Aid Providers,40
1108, Hats,40
1109,Shaved Ice,40
1110, Firearm Training,40
1111,Ramen,40
1112,Leather Goods,40
1113, Maternity Wear,40
1114, Musicians,40
1115,Escape Games,40
1116, Oncologist,39
1117, Endocrinologists,39
1118,Public Transportation,39
1119, Trailer Repair,39
1120,Seafood Markets,39
1121, Boudoir Photography,39
1122,Irish,38
1123,Bowling,38
1124, Spiritual Shop,38
1125, Brazilian Jiu-jitsu,38
1126, Insulation Installation,38
1127,Medical Supplies,38
1128,Diagnostic Imaging,38
1129,Cheesesteaks,38
1130,Bike Repair/Maintenance,38
1131, Personal Assistants,38
1132, Soccer,38
1133,DJs,38
1134, Estate Liquidation,38
1135, Leisure Centers,38
1136,Tiling,37
1137, Campgrounds,37
1138, Officiants,37
1139, RV Parks,37
1140, Smokehouse,37
1141, Lawn Services,37
1142,Spanish,37
1143, Bookkeepers,37
1144,Water Purification Services,37
1145, Challenge Courses,37
1146, Engraving,37
1147,Departments of Motor Vehicles,37
1148, Urologists,37
1149, IV Hydration,36
1150,Television Service Providers,36
1151,Retirement Homes,36
1152, CPR Classes,36
1153,Fabric Stores,36
1154, Diving,36
1155, Russian,36
1156, Bus Tours,36
1157,Auto Loan Providers,36
1158,Laboratory Testing,36
1159,Bistros,36
1160,Bike Rentals,36
1161,Fences & Gates,36
1162, Home Network Installation,36
1163,Laundromat,35
1164, Awnings,35
1165, Popcorn Shops,35
1166,Animal Shelters,35
1167, Sugaring,35
1168,Parking,35
1169, Community Centers,35
1170,Jewelry Repair,35
1171, Acne Treatment,34
1172,Gun/Rifle Ranges,34
1173,Modern European,34
1174, Mongolian,34
1175, Psychologists,34
1176,Persian/Iranian,34
1177, Newspapers & Magazines,34
1178, Race Tracks,34
1179,Cosmetology Schools,34
1180,Pressure Washers,34
1181, ATV Rentals/Tours,34
1182,Airports,34
1183,Recycling Center,34
1184, Taekwondo,34
1185,Butcher,34
1186,Airlines,34
1187, Whiskey Bars,33
1188, Farming Equipment,33
1189, Architects,33
1190, Wine Tasting Room,33
1191, Sunglasses,33
1192,Poke,33
1193, Fondue,33
1194, Boat Charters,33
1195, Real Estate Photography,33
1196, Mobile Dent Repair,32
1197, Montessori Schools,32
1198, New Mexican Cuisine,32
1199, Emergency Rooms,32
1200, Zoos,32
1201, Self-defense Classes,32
1202, Himalayan/Nepalese,32
1203, Lactation Services,32
1204,Laser Eye Surgery/Lasik,32
1205,Video/Film Production,32
1206, Karate,32
1207, Piano Services,32
1208, Scuba Diving,32
1209, Clothing Rental,32
1210,African,32
1211, Osteopathic Physicians,32
1212,Resorts,32
1213, Recording & Rehearsal Studios,32
1214,Watch Repair,31
1215, Donation Center,31
1216,Pool Halls,31
1217, Strip Clubs,31
1218,Check Cashing/Pay-day Loans,31
1219,Kosher,31
1220,Gay Bars,31
1221, Skate Shops,31
1222,Yelp Events,31
1223,Dog Parks,31
1224, Private Investigation,31
1225, Christmas Trees,31
1226, Go Karts,31
1227, Ski & Snowboard Shops,31
1228,Interval Training Gyms,31
1229, Hydro-jetting,31
1230, Cultural Center,31
1231, Colonics,30
1232, Wildlife Control,30
1233, Water Stores,30
1234, Farms,30
1235,Boating,30
1236, Donairs,30
1237,Turkish,30
1238,Video Game Stores,30
1239, Workers Compensation Law,30
1240,Car Window Tinting,30
1241, Climbing,30
1242, Traffic Ticketing Law,30
1243, Historical Tours,30
1244, Walking Tours,30
1245, Pet Photography,30
1246,Amateur Sports Teams,30
1247,Pet Adoption,30
1248, Aquarium Services,30
1249, Water Delivery,30
1250, Vehicle Shipping,30
1251,Comic Books,30
1252, Public Relations,29
1253,Afghan,29
1254,Videographers,29
1255,Comedy Clubs,29
1256,Refinishing Services,29
1257,Surgeons,29
1258, Hostels,29
1259, Saunas,29
1260, Boat Dealers,29
1261,Threading Services,29
1262,Hot Pot,29
1263, Shredding Services,29
1264, Prosthodontists,28
1265,Driving Schools,28
1266,Print Media,28
1267, Circuit Training Gyms,28
1268, Software Development,28
1269, Aquariums,28
1270, Holiday Decorations,28
1271, Belgian,28
1272,Framing,28
1273,RV Dealers,27
1274, International,27
1275,Patisserie/Cake Shop,27
1276,Mortgage Lenders,27
1277, Debt Relief Services,27
1278,Home Automation,27
1279,Packing Services,27
1280,Adult,27
1281, Indoor Playcentre,27
1282,Personal Shopping,27
1283,Vehicle Wraps,27
1284,General Litigation,27
1285, Trophy Shops,27
1286, Pet Cremation Services,27
1287,Boxing,27
1288,Horseback Riding,27
1289,RV Repair,27
1290,Commercial Real Estate,27
1291,Delicatessen,27
1292, Cabaret,27
1293,Brasseries,27
1294,Musical Instrument Services,27
1295, Pet Transportation,27
1296, Commercial Truck Dealers,27
1297,Head Shops,27
1298, Colombian,26
1299,Art Classes,26
1300,Traditional Chinese Medicine,26
1301, Chimney Sweeps,26
1302, Magicians,26
1303, Face Painting,26
1304, Psychic Mediums,26
1305, Health Coach,26
1306, Cryotherapy,26
1307,Cannabis Dispensaries,26
1308, Prosthetics,26
1309,Occupational Therapy,26
1310, Hakka,26
1311,Summer Camps,26
1312, Installment Loans,26
1313, Fishing,26
1314,Radio Stations,26
1315,Countertop Installation,25
1316,Telecommunications,25
1317, Trailer Rental,25
1318,Do-It-Yourself Food,25
1319, Lakes,25
1320,Social Clubs,25
1321, Tai Chi,25
1322, Livestock Feed & Supply,25
1323,Swimwear,25
1324, Distilleries,25
1325, Kids Hair Salons,25
1326,Mini Golf,25
1327, Addiction Medicine,25
1328,Photo Booth Rentals,25
1329, Hydrotherapy,25
1330,Pet Boarding,25
1331, Coffee & Tea Supplies,25
1332, Hunting & Fishing Supplies,25
1333, Pool & Billiards,25
1334,Gelato,25
1335,Uniforms,25
1336,Ethiopian,25
1337, Paint-Your-Own Pottery,25
1338, Float Spa,25
1339,Ear Nose & Throat,25
1340,International Grocery,25
1341,Vinyl Records,25
1342, Blood & Plasma Donation Centers,24
1343, Botanical Gardens,24
1344, Grilling Equipment,24
1345, Balloon Services,24
1346, Doulas,24
1347,Wineries,24
1348,Home Organization,24
1349, Aestheticians,24
1350,Pretzels,24
1351,Tattoo Removal,24
1352,Cards & Stationery,24
1353,Cheese Shops,24
1354, Archery,24
1355,Drywall Installation & Repair,24
1356,Advertising,24
1357,Life Insurance,24
1358,Skating Rinks,24
1359,Adult Education,24
1360,Peruvian,24
1361, Cafeteria,24
1362, Safe Stores,24
1363, Opera & Ballet,24
1364,Supernatural Readings,24
1365,Home Theatre Installation,24
1366, Auto Security,24
1367,Carpet Installation,24
1368, Bartenders,24
1369,Reiki,24
1370, Condominiums,24
1371, Demolition Services,24
1372, Motorcycle Rental,23
1373, Farm Equipment Repair,23
1374,Data Recovery,23
1375, Health Insurance Offices,23
1376, Health Retreats,23
1377, Day Camps,23
1378,Screen Printing/T-Shirt Printing,23
1379, Flight Instruction,23
1380, Singaporean,23
1381,Registration Services,23
1382, Argentine,23
1383,Bankruptcy Law,23
1384, Tax Law,23
1385,Investing,23
1386,Real Estate Law,22
1387, Venezuelan,22
1388, Town Car Service,22
1389, Fire Protection Services,22
1390, Talent Agencies,22
1391, Personal Care Services,22
1392, Flea Markets,22
1393, Rock Climbing,22
1394,Wigs,22
1395,Floral Designers,22
1396, High Fidelity Audio Equipment,22
1397, Massage Schools,22
1398, Medical Cannabis Referrals,22
1399,Shutters,22
1400,Roadside Assistance,22
1401, Horse Boarding,22
1402,Luggage,22
1403, Sri Lankan,22
1404,Private Tutors,22
1405,Herbs & Spices,22
1406, Home Energy Auditors,22
1407, Vacation Rental Agents,22
1408,Neurologist,22
1409,Estate Planning Law,21
1410, First Aid Classes,21
1411, Food Tours,21
1412, Trailer Dealers,21
1413,Knitting Supplies,21
1414, Hungarian,21
1415, Races & Competitions,21
1416, Estheticians,21
1417, Prenatal/Perinatal Care,21
1418,Cardiologists,21
1419, Airport Lounges,21
1420, Guest Houses,21
1421, Skate Parks,21
1422, Nanny Services,21
1423,Falafel,21
1424,Career Counseling,21
1425,Walk-in Clinics,21
1426, Ethnic Grocery,21
1427,Gutter Services,20
1428,Vacation Rentals,20
1429,Assisted Living Facilities,20
1430,Wedding Chapels,20
1431, Piano Bars,20
1432,Pan Asian,20
1433, Paddleboarding,20
1434, Batting Cages,20
1435,Title Loans,20
1436, Paintball,20
1437, Medical Transportation,20
1438, Haunted Houses,20
1439,Dance Schools,20
1440, Anesthesiologists,20
1441, Television Stations,20
1442, Basque,20
1443,Gymnastics,20
1444,Pain Management,20
1445, Wine Tours,20
1446,Artificial Turf,20
1447, Environmental Abatement,20
1448,Internet Cafes,20
1449, Machine & Tool Rental,20
1450,Brazilian,20
1451,Soccer,20
1452,Paint Stores,20
1453, Police Departments,19
1454, Language Schools,19
1455, Solar Panel Cleaning,19
1456,Patio Coverings,19
1457, Furniture Rental,19
1458,Plus Size Fashion,19
1459,Packing Supplies,19
1460,Professional Sports Teams,19
1461, Cremation Services,19
1462, Cambodian,19
1463, Speakeasies,19
1464,Art Schools,19
1465,Business Law,19
1466,Gold Buyers,19
1467, Used Bookstore,19
1468,Hostels,19
1469,Shared Office Spaces,19
1470,Tutoring Centers,19
1471,Hearing Aid Providers,19
1472,Himalayan/Nepalese,19
1473, Party Characters,19
1474,Maternity Wear,19
1475,Screen Printing,18
1476, Alternative Medicine,18
1477,Cycling Classes,18
1478,Jazz & Blues,18
1479, Mortuary Services,18
1480, Process Servers,18
1481,Business Consulting,18
1482,Donairs,18
1483,Waffles,18
1484, Pop-up Shops,18
1485, Roof Inspectors,18
1486,Moroccan,18
1487, Foundation Repair,18
1488,Psychiatrists,18
1489,Mountain Biking,18
1490,Magicians,18
1491, Dance Wear,18
1492,Emergency Pet Hospital,17
1493, Religious Schools,17
1494,TV Mounting,17
1495,German,17
1496,Gastroenterologist,17
1497,Party Bus Rentals,17
1498,Hospice,17
1499, Art Museums,17
1500,Payroll Services,17
1501,Midwives,17
1502,University Housing,17
1503,Fireplace Services,17
1504, Teppanyaki,17
1505,Polish,17
1506, Currency Exchange,17
1507, Lighting Stores,17
1508, Cigar Bars,17
1509,Metal Fabricators,17
1510, Parenting Classes,17
1511,Home Window Tinting,17
1512,Wraps,17
1513, Brewing Supplies,17
1514, Spine Surgeons,17
1515, Generator Installation/Repair,16
1516, Jet Skis,16
1517, Indonesian,16
1518,British,16
1519,Popcorn Shops,16
1520,Cooking Schools,16
1521, Axe Throwing,16
1522, Restaurant Supplies,16
1523,Utilities,16
1524, Izakaya,16
1525, Pulmonologist,16
1526,Irish Pub,16
1527,RV Rental,16
1528,Septic Services,16
1529,Water Stores,16
1530,Private Investigation,16
1531,Security Services,16
1532,Outdoor Furniture Stores,16
1533, Beer Tours,16
1534, Puerto Rican,16
1535,Rugs,16
1536, Pet Breeders,16
1537,Flea Markets,16
1538, Beverage Store,16
1539, Fingerprinting,16
1540, Powder Coating,16
1541,Vehicle Shipping,15
1542,Barre Classes,15
1543, Clock Repair,15
1544,Urologists,15
1545, Mediators,15
1546, Country Dance Halls,15
1547,Embroidery & Crochet,15
1548,Audiologist,15
1549, Ethical Grocery,15
1550,Szechuan,15
1551,Radiologists,15
1552, Translation Services,15
1553, Bail Bondsmen,15
1554,Ticket Sales,15
1555,Swimming Lessons/Schools,15
1556, Tui Na,15
1557,Insulation Installation,15
1558, Preventive Medicine,15
1559, Business Financing,15
1560,Cantonese,15
1561,Immigration Law,15
1562,Bespoke Clothing,15
1563,Salvadoran,15
1564, Childbirth Education,15
1565, Mobility Equipment Sales & Services,15
1566,Allergists,15
1567, Laotian,15
1568,Fitness/Exercise Equipment,15
1569, Car Brokers,15
1570,Police Departments,15
1571,Grout Services,14
1572, Disc Golf,14
1573,Karate,14
1574,Tabletop Games,14
1575, Oxygen Bars,14
1576, Tasting Classes,14
1577,Malaysian,14
1578,Paint & Sip,14
1579,RV Parks,14
1580,Teeth Whitening,14
1581, Egyptian,14
1582,Guitar Stores,14
1583,Acai Bowls,14
1584, Medical Law,14
1585, Dumpster Rental,14
1586, Champagne Bars,14
1587, Aerial Fitness,14
1588, Shoe Shine,14
1589,Golf Equipment,14
1590,Condominiums,14
1591, Music Production Services,14
1592, House Sitters,14
1593, Knife Sharpening,14
1594,Belgian,14
1595,Car Buyers,14
1596,Plastic Surgeons,14
1597, Excavation Services,14
1598, Hot Air Balloons,14
1599, Mobile Home Parks,14
1600,Osteopathic Physicians,13
1601,Russian,13
1602, Public Markets,13
1603,Pasta Shops,13
1604, Airsoft,13
1605,Battery Stores,13
1606, Gunsmith,13
1607,Personal Chefs,13
1608, Muay Thai,13
1609, Commissioned Artists,13
1610,Dental Hygienists,13
1611,Brewpubs,13
1612, Courthouses,13
1613,Pool & Billiards,13
1614, Herbal Shops,13
1615, Editorial Services,13
1616,Cremation Services,13
1617,Furniture Assembly,13
1618, Retina Specialists,13
1619, Concierge Medicine,13
1620,Carpenters,13
1621, Hockey Equipment,13
1622, Local Fish Stores,13
1623,Arabian,13
1624, Aerial Tours,13
1625,Tennis,13
1626, Eatertainment,13
1627,Propane,13
1628,Costumes,13
1629, Firewood,13
1630, Passport & Visa Services,12
1631, Bounce House Rentals,12
1632, Pick Your Own Farms,12
1633, Buddhist Temples,12
1634, Bird Shops,12
1635,Meditation Centers,12
1636,Rafting/Kayaking,12
1637, Motorsport Vehicle Repairs,12
1638, Dinner Theater,12
1639,Bus Tours,12
1640,Blood & Plasma Donation Centers,12
1641,Climbing,12
1642,Wildlife Control,12
1643,Cardio Classes,12
1644,Orthotics,12
1645,Challenge Courses,12
1646, Ukrainian,12
1647,Siding,12
1648,Hair Loss Centers,12
1649, Environmental Testing,12
1650, Airport Terminals,12
1651, South African,12
1652,Special Education,12
1653,Test Preparation,12
1654, Product Design,12
1655,Installment Loans,12
1656, Clowns,12
1657,Shredding Services,12
1658,Officiants,12
1659,Decks & Railing,12
1660, Golf Cart Rentals,12
1661, Rolfing,11
1662,Skate Shops,11
1663,Coffee & Tea Supplies,11
1664,Beer Gardens,11
1665,Currency Exchange,11
1666,Country Clubs,11
1667, Club Crawl,11
1668, Tenant and Eviction Law,11
1669, Chinese Martial Arts,11
1670,Hats,11
1671,Courthouses,11
1672,Piano Services,11
1673,Bartenders,11
1674, Social Security Law,11
1675,Fertility,11
1676,Auction Houses,11
1677, Placenta Encapsulations,11
1678, Car Share Services,11
1679,Customized Merchandise,11
1680, LAN Centers,11
1681, Nurse Practitioner,11
1682,Boat Repair,11
1683, Vascular Medicine,11
1684,Kebab,11
1685,Solar Panel Cleaning,11
1686,Colombian,11
1687,Argentine,11
1688,Cooking Classes,11
1689,New Mexican Cuisine,11
1690,Airport Terminals,11
1691,Haunted Houses,11
1692, Pumpkin Patches,11
1693,Motorcycle Gear,11
1694, Holiday Decorating Services,11
1695,Airport Lounges,11
1696, Piano Stores,11
1697, Golf Equipment Shops,11
1698,Endocrinologists,11
1699,Laser Tag,11
1700, Boat Tours,11
1701,Tanning Beds,10
1702, Empanadas,10
1703, Rheumatologists,10
1704, Childproofing,10
1705,Firearm Training,10
1706, Pet Waste Removal,10
1707,Musicians,10
1708,Leisure Centers,10
1709, Dominican,10
1710,Community Centers,10
1711, Bingo Halls,10
1712,Skate Parks,10
1713,Pulmonologist,10
1714,Hakka,10
1715, Matchmakers,10
1716, Golf Cart Dealers,10
1717,Architects,10
1718, Bar Crawl,10
1719, Horse Equipment Shops,10
1720,Chimney Sweeps,10
1721,Cambodian,10
1722,Appraisal Services,10
1723,Trailer Repair,10
1724, Motorsport Vehicle Dealers,10
1725, Wallpapering,10
1726, Olive Oil,10
1727,Furniture Repair,10
1728,Campgrounds,10
1729, 3D Printing,10
1730, Bangladeshi,10
1731, Pet Hospice,10
1732,Auto Security,10
1733,Golf Lessons,10
1734, Basketball Courts,10
1735,Recording & Rehearsal Studios,10
1736, Traffic Schools,10
1737,Psychics,10
1738, Private Schools,10
1739, Synagogues,10
1740,Cuban,10
1741,Fishing,10
1742, Haitian,10
1743,Paintball,10
1744,Wills,10
1745, Tableware,10
1746, Tiki Bars,9
1747,Wine Tours,9
1748,Matchmakers,9
1749,Employment Law,9
1750,Editorial Services,9
1751, Lice Services,9
1752,Boat Charters,9
1753,Psychologists,9
1754,Montessori Schools,9
1755,Lakes,9
1756,Television Stations,9
1757,Trampoline Parks,9
1758, Home Developers,9
1759, Perfume,9
1760,Archery,9
1761,Team Building Activities,9
1762,Farms,9
1763, Coffeeshops,9
1764, Memory Care,9
1765, Pole Dancing Classes,9
1766,Mongolian,9
1767,Service Stations,9
1768,Bail Bondsmen,9
1769, Gemstones & Minerals,9
1770, Elder Care Planning,9
1771,Mobile Dent Repair,9
1772,Diving,9
1773, Adoption Services,9
1774,Vacation Rental Agents,9
1775, Art Restoration,9
1776, College Counseling,9
1777, Squash,9
1778,Train Stations,9
1779, Dietitians,9
1780,Hypnosis/Hypnotherapy,9
1781,Boat Dealers,9
1782, Valet Services,9
1783, Neurotologists,9
1784,Botanical Gardens,9
1785,Walking Tours,9
1786,Disc Golf,9
1787, Car Inspectors,9
1788,Taekwondo,9
1789, Misting System Services,8
1790,ATV Rentals/Tours,8
1791,Local Fish Stores,8
1792, Wine Tasting Classes,8
1793,Guest Houses,8
1794,Language Schools,8
1795, CSA,8
1796, Virtual Reality Centers,8
1797, Ski Resorts,8
1798, Bike tours,8
1799,Talent Agencies,8
1800, Scooter Rentals,8
1801,Vocational & Technical School,8
1802,Muay Thai,8
1803,Laotian,8
1804,Home Staging,8
1805,Religious Schools,8
1806, IP & Internet Law,8
1807, Syrian,8
1808,Live/Raw Food,8
1809,Awnings,8
1810,Smokehouse,8
1811, Military Surplus,8
1812,Strip Clubs,8
1813,Bookkeepers,8
1814,Auto Upholstery,8
1815,Wholesalers,8
1816,Souvenir Shops,8
1817,Skilled Nursing,8
1818, Audio/Visual Equipment Rental,8
1819,Personal Assistants,8
1820, Drive-In Theater,8
1821,Horse Boarding,8
1822,Knife Sharpening,8
1823, Holistic Animal Care,8
1824,Mobility Equipment Sales & Services,7
1825,Aquariums,7
1826, Pop-Up Restaurants,7
1827,Macarons,7
1828,Town Car Service,7
1829, Scandinavian,7
1830, Baseball Fields,7
1831,Distilleries,7
1832, Bookbinding,7
1833,Travel Agents,7
1834,IV Hydration,7
1835, Game Truck Rental,7
1836,Debt Relief Services,7
1837,Henna Artists,7
1838,Rheumatologists,7
1839, Caricatures,7
1840, Ice Delivery,7
1841,Spiritual Shop,7
1842,Oncologist,7
1843,Hunting & Fishing Supplies,7
1844, Glass Blowing,7
1845, Mobile Home Repair,7
1846,Prenatal/Perinatal Care,7
1847, Burmese,7
1848, Religious Items,7
1849,Trailer Dealers,7
1850, Children's Museums,7
1851,Race Tracks,7
1852, Kombucha,7
1853,Home Developers,7
1854, Hong Kong Style Cafe,7
1855,Pop-up Shops,7
1856, Attraction Farms,7
1857, Nursing Schools,7
1858,Aerial Fitness,7
1859, Fur Clothing,7
1860,Stucco Services,7
1861,Lawn Services,7
1862, Car Auctions,7
1863, Homeowner Association,7
1864, Halotherapy,7
1865,Prosthodontists,7
1866,Flight Instruction,7
1867,Teppanyaki,7
1868, Machine Shops,7
1869, Food Banks,7
1870,Indonesian,7
1871,Art Museums,7
1872,Zoos,7
1873, Sugar Shacks,7
1874, Marinas,7
1875,Snow Removal,7
1876, Shaved Snow,7
1877,First Aid Classes,7
1878,Basque,7
1879, Backflow Services,7
1880, Ultrasound Imaging Centers,7
1881, Qi Gong,7
1882,Speech Therapists,7
1883, Ayurveda,7
1884,Hydro-jetting,7
1885, Art Tours,6
1886,Ukrainian,6
1887,Sleep Specialists,6
1888, Bicycles,6
1889,Colonics,6
1890,Emergency Rooms,6
1891,Spine Surgeons,6
1892, Racing Experience,6
1893,Used Bookstore,6
1894, Contract Law,6
1895, Disability Law,6
1896, Hazardous Waste Disposal,6
1897,Fondue,6
1898,Waterproofing,6
1899, Senior Centers,6
1900, Spin Classes,6
1901, Sailing,6
1902, Honey,6
1903,Buses,6
1904,Ski & Snowboard Shops,6
1905,Races & Competitions,6
1906,Kids Hair Salons,6
1907,Aquarium Services,6
1908, Emergency Medicine,6
1909,Speakeasies,6
1910,Buddhist Temples,6
1911,Nurse Practitioner,6
1912,Coffeeshops,6
1913,Food Tours,6
1914, Themed Cafes,6
1915, Hindu Temples,6
1916,Rock Climbing,6
1917,Trophy Shops,6
1918,Shaved Snow,6
1919, Ziplining,6
1920,Memory Care,6
1921,International,6
1922,Personal Care Services,6
1923,Bartending Schools,6
1924, Pet Insurance,6
1925, Striptease Dancers,6
1926, Bartending Schools,6
1927, Observatories,6
1928, Private Jet Charter,6
1929,Health Coach,6
1930,Commercial Truck Repair,6
1931, Dive Shops,6
1932,Synagogues,6
1933,Water Parks,6
1934, Public Art,6
1935,Sri Lankan,6
1936,Bangladeshi,6
1937, Party Bike Rentals,6
1938,Medical Transportation,6
1939,Anesthesiologists,6
1940,Scuba Diving,5
1941,Doulas,5
1942, Supper Clubs,5
1943,Health Insurance Offices,5
1944,Motorcycle Rental,5
1945, Cannabis Collective,5
1946, Water Parks,5
1947,Party Characters,5
1948, Sandblasting,5
1949, Aircraft Dealers,5
1950, Structural Engineers,5
1951, Embassy,5
1952,Ethnic Grocery,5
1953,Baseball Fields,5
1954, Photography Classes,5
1955,Home Network Installation,5
1956,Saunas,5
1957,Pet Photography,5
1958,Safe Stores,5
1959,Software Development,5
1960, Cannabis Tours,5
1961, Skydiving,5
1962, Mobile Home Dealers,5
1963,Bingo Halls,5
1964, Beach Equipment Rentals,5
1965,Fireworks,5
1966,Tai Chi,5
1967, Shanghainese,5
1968, Badminton,5
1969, Cheerleading,5
1970, Cideries,5
1971, Astrologers,5
1972,Wine Tasting Room,5
1973,Medical Law,5
1974,Aerial Tours,5
1975, Civic Center,5
1976,Hungarian,5
1977, Reptile Shops,5
1978, Hepatologists,5
1979,Environmental Abatement,5
1980,Water Delivery,5
1981,Home Energy Auditors,5
1982,Halotherapy,5
1983,Brewing Supplies,5
1984,Ski Resorts,5
1985,Balloon Services,5
1986, Bus Rental,5
1987, Horse Racing,5
1988,Whiskey Bars,5
1989,Historical Tours,5
1990, Drones,5
1991,Translation Services,5
1992, Kitchen Supplies,5
1993,Lactation Services,5
1994,Opera & Ballet,5
1995,Skydiving,5
1996,Day Camps,5
1997,Newspapers & Magazines,5
1998,Brazilian Jiu-jitsu,5
1999, Flowers,5
2000,Pet Breeders,5
2001, Armenian,4
2002,Gunsmith,4
2003,Tui Na,4
2004,Massage Schools,4
2005,Donation Center,4
2006, Aircraft Repairs,4
2007,Beaches,4
2008,Powder Coating,4
2009,Piano Bars,4
2010,Preventive Medicine,4
2011, Teacher Supplies,4
2012, Fire Departments,4
2013,Body Contouring,4
2014,Kickboxing,4
2015,Dinner Theater,4
2016, Sex Therapists,4
2017,Environmental Testing,4
2018,Livestock Feed & Supply,4
2019,Religious Items,4
2020,Reptile Shops,4
2021,Champagne Bars,4
2022,Fire Protection Services,4
2023,CPR Classes,4
2024,Public Relations,4
2025,Ethical Grocery,4
2026, Safety Equipment,4
2027, Digitizing Services,4
2028,Cultural Center,4
2029, Feng Shui,4
2030,Clock Repair,4
2031,Empanadas,4
2032, Infectious Disease Specialists,4
2033,CSA,4
2034,Traffic Ticketing Law,4
2035, Conveyor Belt Sushi,4
2036, Pathologists,4
2037,Demolition Services,4
2038,Hydrotherapy,4
2039, Nephrologists,4
2040,Grilling Equipment,4
2041,Farming Equipment,4
2042,Passport & Visa Services,4
2043,Workers Compensation Law,4
2044,Cafeteria,4
2045, Austrian,4
2046,Pet Cremation Services,4
2047,Singaporean,4
2048, Tubing,4
2049,Foundation Repair,4
2050, Bike Repair,4
2051, Gerontologists,4
2052,Scavenger Hunts,4
2053, Tuscan,4
2054, Bike Shop,4
2055,Bounce House Rentals,4
2056,Paint-Your-Own Pottery,4
2057,Honduran,4
2058, Duty-Free Shops,4
2059,Egyptian,4
2060, Community Gardens,4
2061,Christmas Trees,4
2062,Float Spa,4
2063,Homeowner Association,4
2064,Batting Cages,4
2065, Pedicabs,4
2066,Embassy,4
2067, Surf Schools,4
2068, Interlock Systems,4
2069, Fireworks,4
2070,South African,4
2071, Bubble Soccer,4
2072,Firewood,4
2073,Dumpster Rental,4
2074,Pet Waste Removal,4
2075, Well Drilling,4
2076,Cryotherapy,4
2077,Sugaring,4
2078, Duplication Services,4
2079, Australian,4
2080, Surfing,4
2081,Vascular Medicine,4
2082,Shanghainese,4
2083, Czech,4
2084,Self-defense Classes,4
2085, Trinidadian,4
2086, Public Adjusters,4
2087,Beverage Store,3
2088,Golf Equipment Shops,3
2089, Tickets,3
2090,Concierge Medicine,3
2091,Haitian,3
2092,Pole Dancing Classes,3
2093, Free Diving,3
2094, Scooter Tours,3
2095,Racing Experience,3
2096,3D Printing,3
2097, Ranches,3
2098, Iberian,3
2099,Go Karts,3
2100,Izakaya,3
2101,Mosques,3
2102,Behavior Analysts,3
2103,Neurotologists,3
2104,Furniture Rental,3
2105, Luggage Storage,3
2106,Retina Specialists,3
2107, Beach Bars,3
2108,Childbirth Education,3
2109,EV Charging Stations,3
2110,Olive Oil,3
2111,Rest Stops,3
2112, Patent Law,3
2113, Hydroponics,3
2114,Burmese,3
2115,Dominican,3
2116, Surf Shop,3
2117, Immunodermatologists,3
2118,Attraction Farms,3
2119,Venezuelan,3
2120,Real Estate Photography,3
2121,Holiday Decorations,3
2122, Props,3
2123, Veterans Organizations,3
2124,Badminton,3
2125,Mediators,3
2126,Chinese Martial Arts,3
2127,Scottish,3
2128, Art Space Rentals,3
2129,Circuit Training Gyms,3
2130, Junkyards,3
2131,Car Inspectors,3
2132,Immunodermatologists,3
2133,Ayurveda,3
2134,Hong Kong Style Cafe,3
2135,Beer Tours,3
2136, Sicilian,3
2137, Japanese Curry,3
2138,Machine & Tool Rental,3
2139, Proctologists,3
2140,House Sitters,3
2141,Traffic Schools,3
2142, Planetarium,3
2143, Natural Gas Suppliers,3
2144,Hot Air Balloons,3
2145,High Fidelity Audio Equipment,3
2146,Golf Cart Dealers,3
2147,Cannabis Tours,3
2148,Nanny Services,3
2149,Bike Sharing,3
2150,Trailer Rental,3
2151,Estate Liquidation,3
2152,Ice Delivery,3
2153, Ski Schools,3
2154, Visitor Centers,3
2155,Trains,3
2156,Tiki Bars,3
2157, Taxidermy,3
2158,Business Financing,3
2159,Addiction Medicine,3
2160, Rest Stops,3
2161,Valet Services,3
2162, Unofficial Yelp Events,3
2163, Aviation Services,3
2164,Ultrasound Imaging Centers,3
2165,Candle Stores,3
2166, Slovakian,3
2167,Ziplining,3
2168, Cheese Tasting Classes,3
2169, Neuropathologists,3
2170,Senior Centers,3
2171, Land Surveying,3
2172,Eatertainment,3
2173,Holistic Animal Care,3
2174,Crane Services,3
2175,Australian,3
2176,Fur Clothing,3
2177,Rolfing,3
2178,Motorsport Vehicle Repairs,3
2179,Car Share Services,2
2180,Cannabis Collective,2
2181,Bird Shops,2
2182, Undersea/Hyperbaric Medicine,2
2183,Lighting Stores,2
2184, Playsets,2
2185, Pita,2
2186,Golf Cart Rentals,2
2187, Crane Services,2
2188, Municipality,2
2189,Basketball Courts,2
2190,Pet Hospice,2
2191,Aircraft Repairs,2
2192,Health Retreats,2
2193, Hearing Aids,2
2194, Outdoor Movies,2
2195, Carpet Dyeing,2
2196, Water Suppliers,2
2197, Waldorf Schools,2
2198,Junkyards,2
2199,Fire Departments,2
2200,Car Brokers,2
2201,Commissioned Artists,2
2202,Commercial Truck Dealers,2
2203,Auto Electric Services,2
2204,Medical Cannabis Referrals,2
2205,Food Banks,2
2206,Austrian,2
2207,Fingerprinting,2
2208, Habilitative Services,2
2209,Mobile Home Dealers,2
2210,Mortuary Services,2
2211,Social Security Law,2
2212, Behavior Analysts,2
2213,Hydroponics,2
2214,Cideries,2
2215,Perfume,2
2216, Erotic Massage,2
2217, Petting Zoos,2
2218, Fuel Docks,2
2219, Concept Shops,2
2220,Tableware,2
2221, Bike Sharing,2
2222,Marinas,2
2223, Uzbek,2
2224,Contract Law,2
2225, Sports Psychologists,2
2226,Public Markets,2
2227,Virtual Reality Centers,2
2228, Indoor Landscaping,2
2229, Homeless Shelters,2
2230, Nicaraguan,2
2231,Mobile Home Parks,2
2232, Hybrid Car Repair,2
2233,Machine Shops,2
2234,Surfing,2
2235, Trains,2
2236, Pub Food,2
2237,Iberian,2
2238, Jails & Prisons,2
2239, Hotel bar,2
2240,Caricatures,2
2241, DIY Auto Shop,2
2242,Spin Classes,2
2243,Prosthetics,2
2244, Honduran,2
2245,Boat Tours,2
2246,Excavation Services,2
2247,Emergency Medicine,2
2248,Cabaret,2
2249,Process Servers,2
2250,Face Painting,2
2251,Roof Inspectors,2
2252,Public Art,2
2253,Motorsport Vehicle Dealers,2
2254,Pop-Up Restaurants,2
2255,Squash,2
2256,Private Jet Charter,2
2257,Bar Crawl,2
2258, Apartment Agents,2
2259, Animal Assisted Therapy,2
2260,Aestheticians,2
2261,Dance Wear,2
2262,Planetarium,2
2263, Snorkeling,2
2264,Pet Transportation,2
2265,Alternative Medicine,2
2266,Psychic Mediums,2
2267, Makerspaces,2
2268,Puerto Rican,2
2269,Music Production Services,2
2270, Scavenger Hunts,2
2271,Themed Cafes,2
2272,Lice Services,2
2273,Sledding,2
2274, Vocal Coach,2
2275, Boat Parts & Supplies,2
2276, Carousels,2
2277,Sports Psychologists,2
2278,Shoe Shine,2
2279,Tax Law,2
2280, Skiing,2
2281, Storefront Clinics,2
2282, Animal Physical Therapy,2
2283, Kitchen Incubators,2
2284, Traditional Clothing,2
2285, Phlebologists,2
2286,Wallpapering,2
2287,Observatories,2
2288, Electricity Suppliers,2
2289, Architectural Tours,2
2290,Children's Museums,2
2291,Generator Installation/Repair,1
2292,Armenian,1
2293,Party Bike Rentals,1
2294,Art Tours,1
2295,Skiing,1
2296, Kiosk,1
2297,Clothing Rental,1
2298,Misting System Services,1
2299,Erotic Massage,1
2300,Safety Equipment,1
2301,Mauritius,1
2302,Drive-In Theater,1
2303, Mauritius,1
2304,Art Restoration,1
2305,Teacher Supplies,1
2306,Gerontologists,1
2307,Animal Assisted Therapy,1
2308, Tempura,1
2309,Concept Shops,1
2310, Dialysis Clinics,1
2311, Senegalese,1
2312, Udon,1
2313,Backflow Services,1
2314,Dietitians,1
2315,Wine Tasting Classes,1
2316,Czech/Slovakian,1
2317,Placenta Encapsulations,1
2318, Registry Office,1
2319,Clowns,1
2320, Game Meat,1
2321,Paddleboarding,1
2322, Otologists,1
2323, Market Stalls,1
2324, Bocce Ball,1
2325,Horse Racing,1
2326, Customs Brokers,1
2327,Horse Equipment Shops,1
2328,Calabrian,1
2329, Sledding,1
2330,Estheticians,1
2331, Japanese Sweets,1
2332,Indoor Playcentre,1
2333, Tonkatsu,1
2334,Civic Center,1
2335,Acne Treatment,1
2336,DIY Auto Shop,1
2337,Audio/Visual Equipment Rental,1
2338,Beach Bars,1
2339, Hainan,1
2340,Scandinavian,1
2341,Court Reporters,1
2342,Astrologers,1
2343,Bike Shop,1
2344, Osteopaths,1
2345, Bike Parking,1
2346,Czech,1
2347, Town Hall,1
2348,Sailing,1
2349, Geneticists,1
2350, General Festivals,1
2351, Sport Equipment Hire,1
2352,Community Gardens,1
2353,Axe Throwing,1
2354, Experiences,1
2355,Aircraft Dealers,1
2356,Supper Clubs,1
2357,Elder Care Planning,1
2358, Fencing Clubs,1
2359, Milkshake Bars,1
2360,Japanese Curry,1
2361,Boudoir Photography,1
2362,Flowers,1
2363,Dive Shops,1
2364, Beer Garden,1
2365,Syrian,1
2366,Private Schools,1
2367, Beach Volleyball,1
2368,Childproofing,1
2369,Bicycles,1
2370, Hang Gliding,1
2371, Halfway Houses,1
2372, Trivia Hosts,1
2373,Infectious Disease Specialists,1
2374, Guamanian,1
2375, Rodeo,1
2376, Street Art,1
2377,Bookbinding,1
2378, Beer Hall,1
2379, Flyboarding,1
2380,Structural Engineers,1
2381,Product Design,1
2382, Island Pub,1
2383, Linens,1
2384, Medical Foot Care,1
2385, Oaxacan,1
2386,Animal Physical Therapy,1
2387,Interlock Systems,1
2388, Scottish,1
2389,Calligraphy,1
2390,Tickets,1
2391,Adoption Services,1
2392, Christmas Markets,1
2393,Hindu Temples,1
2394,Airsoft,1
2395,Pub Food,1
2396, Rotisserie Chicken,1
2397,Storefront Clinics,1
2398,Drones,1
2399, DUI Schools,1
2400,Nursing Schools,1
2401,Honey,1
2402,LAN Centers,1
2403,Restaurant Supplies,1
2404,Parenting Classes,1
2405,Playsets,1
2406,Jet Skis,1
2407, Reunion,1
2408,Surf Shop,1
2409, Metro Stations,1
2410,Herbal Shops,1
2411,Land Surveying,1
2412,Tubing,1
2413,Visitor Centers,1
2414, Churros,1
2415,Indoor Landscaping,1
2416,Guamanian,1
2417,Backshop,1
2418,Oxygen Bars,1
2419,Nudist,1
2420,Piano Stores,1
2421, Sauna Installation & Repair,1
2422,Free Diving,1
2423,Sunglasses,1
2424,Gemstones & Minerals,1
2425,College Counseling,1
2426,Unofficial Yelp Events,1
2427, Swiss Food,1
2428,Photography Classes,1
2429, Entertainment Law,1
2430,Feng Shui,1
2431, Mosques,1
2432, Minho,1
2433, Studio Taping,1
2434,Beach Equipment Rentals,1
2435,Sugar Shacks,1
2436, Bulgarian,1
2437,Bubble Soccer,1
2438,Uzbek,1
2439,Hybrid Car Repair,1
2440,Linens,1
2441,Conveyor Belt Sushi,1
2442, Eastern European,1
2443,Homeopathic,1
2444,Sandblasting,1
2445,Reunion,1
